token;mint;56875
token;transfer;65420
token;tansfer;65615
TokenLogic;addWhiteList;71313
TokenLogic;addToWhiteList;53102
TokenLogic;addToWhiteList;53166
Token;tansfer;67588
logic;addWhiteList;57122
logic;addToWhiteList;53975
logic;addToWhiteList;53911
token;tansfer;68759
token;mint;56875
token;transfer;65420
token;tansfer;65615
TokenLogic;addWhiteList;71313
TokenLogic;addToWhiteList;53102
TokenLogic;addToWhiteList;53166
Token;tansfer;67588
logic;addWhiteList;57122
logic;addToWhiteList;53975
logic;addToWhiteList;53911
token;tansfer;68759
token;mint;56875
token;transfer;65420
token;tansfer;65615
TokenLogic;addWhiteList;71313
TokenLogic;addToWhiteList;53102
TokenLogic;addToWhiteList;53166
Token;tansfer;67588
logic;addWhiteList;57122
logic;addToWhiteList;53975
logic;addToWhiteList;53911
token;tansfer;68759
token;mint;56875
token;transfer;65420
token;tansfer;65615
TokenLogic;addWhiteList;71313
TokenLogic;addToWhiteList;53102
TokenLogic;addToWhiteList;53166
Token;tansfer;67588
logic;addWhiteList;57122
logic;addToWhiteList;53975
logic;addToWhiteList;53911
token;tansfer;68759
token;mint;56875
token;transfer;65420
token;tansfer;65615
TokenLogic;addWhiteList;71313
TokenLogic;addToWhiteList;53102
TokenLogic;addToWhiteList;53166
Token;tansfer;67588
logic;addWhiteList;57122
logic;addToWhiteList;53975
logic;addToWhiteList;53911
token;tansfer;68759
token;mint;56875
token;transfer;65420
token;tansfer;65615
TokenLogic;addWhiteList;71313
TokenLogic;addToWhiteList;53102
TokenLogic;addToWhiteList;53166
Token;tansfer;67588
logic;addWhiteList;57122
logic;addToWhiteList;53911
logic;addToWhiteList;53975
token;tansfer;68759
token;mint;56875
token;transfer;65420
token;tansfer;65615
TokenLogic;addWhiteList;71313
TokenLogic;addToWhiteList;53102
TokenLogic;addToWhiteList;53166
Token;tansfer;67588
logic;addWhiteList;57122
logic;addToWhiteList;53975
logic;addToWhiteList;53911
token;tansfer;68759
token;mint;56875
token;transfer;65420
token;tansfer;65615
TokenLogic;addWhiteList;71313
TokenLogic;addToWhiteList;53102
TokenLogic;addToWhiteList;53166
Token;tansfer;67588
logic;addWhiteList;57122
logic;addToWhiteList;53975
logic;addToWhiteList;53911
token;tansfer;68759
token;mint;56875
token;transfer;65420
token;tansfer;65615
TokenLogic;addWhiteList;71313
TokenLogic;addToWhiteList;53102
TokenLogic;addToWhiteList;53166
Token;tansfer;67588
logic;addWhiteList;57122
logic;addToWhiteList;53911
logic;addToWhiteList;53975
token;tansfer;68759
token;mint;50267
token;transfer;65420
token;tansfer;65615
TokenLogic;addWhiteList;71313
TokenLogic;addToWhiteList;53102
TokenLogic;addToWhiteList;53166
Token;tansfer;67588
logic;addWhiteList;57122
logic;addToWhiteList;53975
logic;addToWhiteList;53911
token;tansfer;68759
token;mint;56875
token;transfer;65420
token;tansfer;65615
TokenLogic;addWhiteList;71313
TokenLogic;addToWhiteList;53102
TokenLogic;addToWhiteList;53166
Token;tansfer;67588
logic;addWhiteList;57122
logic;addToWhiteList;53911
logic;addToWhiteList;53975
token;tansfer;68759
token;mint;56875
token;transfer;65420
token;tansfer;65615
TokenLogic;addWhiteList;71313
TokenLogic;addToWhiteList;53102
TokenLogic;addToWhiteList;53166
Token;tansfer;67588
logic;addWhiteList;57122
logic;addToWhiteList;53975
logic;addToWhiteList;53911
token;tansfer;68759
token;tansfer;50615
TokenLogic;addWhiteList;71313
TokenLogic;addToWhiteList;53102
TokenLogic;addToWhiteList;53166
Token;tansfer;67588
logic;addWhiteList;57122
logic;addToWhiteList;53975
logic;addToWhiteList;53911
token;mint;56875
token;transfer;65420
token;tansfer;65615
TokenLogic;addWhiteList;71313
TokenLogic;addToWhiteList;53102
TokenLogic;addToWhiteList;53166
Token;tansfer;67588
logic;addWhiteList;57122
logic;addToWhiteList;53975
logic;addToWhiteList;53911
token;tansfer;68759
token;tansfer;50615
OpenFundTokenLogic;addWhiteList;71313
OpenFundTokenLogic;addToWhiteList;53102
OpenFundTokenLogic;addToWhiteList;53166
Token;tansfer;67588
logic;addWhiteList;57122
logic;addToWhiteList;53975
logic;addToWhiteList;53911
token;mint;56875
token;transfer;65420
token;tansfer;65615
TokenLogic;addWhiteList;71313
TokenLogic;addToWhiteList;53102
TokenLogic;addToWhiteList;53166
Token;tansfer;67588
logic;addWhiteList;57122
logic;addToWhiteList;53975
logic;addToWhiteList;53911
token;tansfer;68759
OpenFundToken;tansfer;50615
OpenFundTokenLogic;addWhiteList;71441
logic;addWhiteList;57122
logic;addToWhiteList;53975
logic;addToWhiteList;53911
token;mint;56875
token;transfer;65420
token;tansfer;65615
TokenLogic;addWhiteList;71313
TokenLogic;addToWhiteList;53102
TokenLogic;addToWhiteList;53166
Token;tansfer;67588
logic;addWhiteList;57122
logic;addToWhiteList;53975
logic;addToWhiteList;53911
token;tansfer;68759
OpenFundToken;tansfer;50615
OpenFundTokenLogic;addWhiteList;71441
OpenFundTokenLogic;addToWhiteList;53230
OpenFundTokenLogic;addToWhiteList;53294
OpenFundToken;tansfer;67588
logic;addWhiteList;57122
logic;addToWhiteList;53975
logic;addToWhiteList;53911
token;mint;56875
token;transfer;65420
token;tansfer;65615
TokenLogic;addWhiteList;71313
TokenLogic;addToWhiteList;53102
TokenLogic;addToWhiteList;53166
Token;tansfer;67588
logic;addWhiteList;57122
logic;addToWhiteList;53911
logic;addToWhiteList;53975
token;tansfer;68759
token;mint;56875
token;transfer;65420
token;tansfer;65615
TokenLogic;addWhiteList;71313
TokenLogic;addToWhiteList;53102
TokenLogic;addToWhiteList;53166
Token;tansfer;67588
logic;addWhiteList;57122
logic;addToWhiteList;53975
logic;addToWhiteList;53911
token;tansfer;68759
